,field,files,total_size
0,field0202,3.0,1.1987686157226562
1,field0245,128.0,401.4015130996704
2,field0246,128.0,377.2735538482666
3,field0247,128.0,361.4425621032715
4,field0248,128.0,319.86236476898193
5,field0249,128.0,226.593017578125
6,field0250,128.0,263.97705078125
7,field0251,128.0,326.0612487792969
8,field0252,128.0,295.5436706542969
9,field0253,128.0,333.59527492523193
10,field0254,128.0,348.09112453460693
11,field0255,128.0,416.851037979126
12,field0256,128.0,510.7879629135132
13,field0257,128.0,2929.2106590270996
14,field0258,128.0,2876.186369895935
15,field0259,128.0,5897.712706565857
16,field0260,128.0,14879.035949707031
17,field0261,128.0,7979.393005371094
18,field0262,128.0,4457.378386497498
19,field0263,122.0,609.3978843688965
20,field0264,128.0,566.864010810852
21,field0265,128.0,401.49688053131104
22,field0266,128.0,348.3772258758545
23,field0267,128.0,302.886962890625
24,field0268,127.0,260.0669860839844
25,field0269,128.0,247.09701538085938
26,field0270,117.0,181.00738525390625
27,field0271,128.0,260.2577209472656
28,field0272,124.0,214.67208862304688
29,field0273,127.0,315.3800964355469
30,field0274,128.0,314.9986267089844
31,field0275,128.0,411.1289930343628
32,field0276,128.0,551.3191175460815
33,field0277,128.0,691.8907098770142
34,field0278,126.0,878.4866304397583
35,field0279,127.0,11495.494841575623
36,field0280,128.0,30734.06219482422
37,field0281,128.0,21642.589569091797
38,field0282,102.0,23033.428192138672
39,field0283,124.0,38717.26989746094
40,field0284,128.0,15628.814697265625
41,field0285,128.0,3257.656096458435
42,field0286,128.0,898.6473073959351
43,field0287,128.0,684.3566856384277
44,field0288,128.0,526.42822265625
45,field0289,128.0,473.6900329589844
46,field0290,128.0,424.28969860076904
47,field0291,128.0,376.12914657592773
48,field0292,186.0,404.4227542877197
49,field0293,182.0,458.0306978225708
50,field0294,128.0,539.8750305175781
51,field0295,187.0,568.2659139633179
52,field0296,176.0,543.8318243026733
53,field0297,183.0,521.6703414916992
54,field0298,128.0,455.8563232421875
55,field0299,129.0,457.92293548583984
56,field0300,143.0,470.2167510986328
57,field0301,128.0,463.4857168197632
58,field0302,128.0,486.2785339355469
59,field0303,128.0,421.0472068786621
60,field0304,128.0,532.5317363739014
61,field0305,128.0,663.280481338501
62,field0306,128.0,897.5982656478882
63,field0307,128.0,1370.2392568588257
64,field0308,126.0,4830.265045166016
65,field0309,128.0,7617.950439453125
66,field0310,128.0,7993.6981201171875
67,field0311,128.0,5580.80673122406
68,field0312,128.0,1039.6003723144531
69,field0313,128.0,709.1522188186646
70,field0314,128.0,689.1250524520874
71,field0315,128.0,524.9977111816406
72,field0316,128.0,415.13441944122314
73,field0317,128.0,380.99288272857666
74,field0318,128.0,319.2901611328125
75,field0319,128.0,323.9631652832031
76,field0320,128.0,305.2711486816406
77,field0321,128.0,332.6416015625
78,field0322,128.0,364.5896816253662
79,field0323,128.0,407.9818706512451
80,field0324,128.0,462.4366760253906
81,field0325,128.0,563.9076232910156
82,field0326,128.0,601.1009130477905
83,field0327,128.0,760.1737880706787
84,field0328,128.0,1036.07177734375
85,field0329,128.0,1233.2916250228882
86,field0330,128.0,16516.113280296326
87,field0331,128.0,47408.103942871094
88,field0332,128.0,24334.335327148438
89,field0333,128.0,37566.6618347168
90,field0334,128.0,40590.28625488281
91,field0335,128.0,12304.306030273438
92,field0336,128.0,3800.2014150619507
93,field0337,128.0,1313.5909996032715
94,field0338,128.0,1008.7966918945312
95,field0339,128.0,786.1137351989746
96,field0340,175.0,643.2533187866211
97,field0341,181.0,528.1715393066406
98,field0342,189.0,511.45553493499756
99,field0343,128.0,484.9433898925781
100,field0344,128.0,525.5699157714844
101,field0345,131.0,676.6176071166992
102,field0346,129.0,647.5105133056641
103,field0347,128.0,559.3299856185913
104,field0348,128.0,579.071044921875
105,field0349,128.0,636.6729640960693
106,field0350,143.0,590.9833908081055
107,field0351,128.0,547.9812622070312
108,field0352,128.0,603.5804719924927
109,field0353,128.0,631.3323879241943
110,field0354,128.0,663.4712171554565
111,field0355,128.0,747.680661201477
112,field0356,128.0,740.2419996261597
113,field0357,128.0,1021.1944532394409
114,field0358,128.0,1776.2184133529663
115,field0359,128.0,3125.1907348632812
116,field0360,128.0,7850.64697265625
117,field0361,128.0,1871.6812133789062
118,field0362,128.0,1204.013822555542
119,field0363,128.0,940.2275047302246
120,field0364,128.0,669.193265914917
121,field0365,128.0,510.7879590988159
122,field0366,128.0,456.14242362976074
123,field0367,128.0,769.805908203125
124,field0368,128.0,382.32802867889404
125,field0369,128.0,356.19735622406006
126,field0370,128.0,351.0475130081177
127,field0371,128.0,371.4561414718628
128,field0372,128.0,400.6385688781738
129,field0373,128.0,442.50488090515137
130,field0374,164.0,582.4089050292969
131,field0375,163.0,637.7220153808594
132,field0376,128.0,665.0924615859985
133,field0377,144.0,710.8688316345215
134,field0378,128.0,827.9800357818604
135,field0379,128.0,1163.38729763031
136,field0380,128.0,1480.2932710647583
137,field0381,128.0,5580.902099609375
138,field0382,128.0,16345.977783203125
139,field0383,128.0,17779.35028076172
140,field0384,128.0,45820.23620605469
141,field0385,128.0,33717.15545654297
142,field0386,128.0,7653.236389160156
143,field0387,128.0,3899.4789123535156
144,field0388,128.0,1732.3493957519531
145,field0389,128.0,1157.4745168685913
146,field0390,190.0,911.9033727645874
147,field0391,190.0,777.2445611953735
148,field0392,175.0,649.7116022109985
149,field0393,189.0,592.803955078125
150,field0394,190.0,567.3408508300781
151,field0395,128.0,639.1525201797485
152,field0396,191.0,613.5940551757812
153,field0397,133.0,782.4458999633789
154,field0398,132.0,661.5171384811401
155,field0399,190.0,723.9227132797241
156,field0400,190.0,806.7274074554443
157,field0401,188.0,792.2630243301392
158,field0402,128.0,682.3539628982544
159,field0403,167.0,651.4825773239136
160,field0404,128.0,624.9427709579468
161,field0405,128.0,786.4952020645142
162,field0406,128.0,1103.5919170379639
163,field0407,128.0,984.2872610092163
164,field0408,128.0,1089.0960664749146
165,field0409,128.0,2140.2359008789062
166,field0410,128.0,3656.3873291015625
167,field0411,128.0,12107.84912109375
168,field0412,128.0,7512.569427490234
169,field0413,128.0,1471.7102031707764
170,field0414,128.0,1097.7745037078857
171,field0415,128.0,707.3402376174927
172,field0416,128.0,1063.7283267974854
173,field0417,128.0,505.06591796875
174,field0418,128.0,422.6684522628784
175,field0419,128.0,363.5406446456909
176,field0420,128.0,378.03649139404297
177,field0421,128.0,383.5678005218506
178,field0422,128.0,410.7475252151489
179,field0423,128.0,422.7638187408447
180,field0424,148.0,489.61925506591797
181,field0425,177.0,576.3053894042969
182,field0426,176.0,697.8511772155762
183,field0427,171.0,1368.5226430892944
184,field0428,128.0,769.1383285522461
185,field0429,128.0,695.323938369751
186,field0430,128.0,873.8517732620239
187,field0431,128.0,1262.1879577636719
188,field0432,128.0,1780.7960510253906
189,field0433,128.0,5540.46630859375
190,field0434,128.0,13834.571838378906
191,field0435,128.0,18094.10476589203
192,field0436,128.0,37341.11785888672
193,field0437,128.0,25093.07861328125
194,field0438,128.0,10746.002197265625
195,field0439,128.0,4460.334777832031
196,field0440,190.0,1791.5725622177124
197,field0441,190.0,1256.7520122528076
198,field0442,190.0,1053.7147493362427
199,field0443,178.0,883.9607229232788
200,field0444,190.0,699.7108430862427
201,field0445,190.0,656.0325622558594
202,field0446,190.0,617.218017578125
203,field0447,191.0,720.1194715499878
204,field0448,191.0,830.136287689209
205,field0449,190.0,861.8354730606079
206,field0450,190.0,859.6820774078369
207,field0451,145.0,838.935848236084
208,field0452,153.0,817.1853981018066
209,field0453,128.0,547.2183218002319
210,field0454,128.0,575.5424470901489
211,field0455,128.0,594.1390943527222
212,field0456,128.0,791.7404155731201
213,field0457,128.0,1281.0707054138184
214,field0458,128.0,1895.0462341308594
215,field0459,128.0,2169.036865234375
216,field0460,128.0,3802.2994995117188
217,field0461,128.0,4140.8538818359375
218,field0462,128.0,5057.334899902344
219,field0463,128.0,2853.870390892029
220,field0464,128.0,1012.3252840042114
221,field0465,128.0,744.5335350036621
222,field0466,128.0,832.08083152771
223,field0467,128.0,898.2658386230469
224,field0468,128.0,511.4555358886719
225,field0469,128.0,414.1807460784912
226,field0470,128.0,428.00903034210205
227,field0471,128.0,413.5131778717041
228,field0472,128.0,432.49129581451416
229,field0473,128.0,660.8962879180908
230,field0474,163.0,533.3690643310547
231,field0475,188.0,582.5843811035156
232,field0476,170.0,628.1595087051392
233,field0477,179.0,776.6723623275757
234,field0478,178.0,771.1410493850708
235,field0479,178.0,936.6989059448242
236,field0480,185.0,1097.2976684570312
237,field0481,191.0,1109.9815368652344
238,field0482,191.0,1521.6827363967896
239,field0483,128.0,2273.082733154297
240,field0484,128.0,3686.9049072265625
241,field0485,128.0,11597.633361816406
242,field0486,128.0,19286.155700683594
243,field0487,128.0,19095.134734153748
244,field0488,128.0,28843.49822998047
245,field0489,128.0,22955.894470214844
246,field0490,128.0,10765.07568359375
247,field0491,190.0,4815.578460693359
248,field0492,190.0,1940.1550254821777
249,field0493,190.0,1483.7264938354492
250,field0494,190.0,1215.1718139648438
251,field0495,190.0,876.9035320281982
252,field0496,190.0,1095.9625244140625
253,field0497,190.0,1049.995421409607
254,field0498,186.0,956.821439743042
255,field0499,191.0,1167.1066284179688
256,field0500,190.0,1045.1316833496094
257,field0501,178.0,925.6801605224609
258,field0502,186.0,911.4379863739014
259,field0503,183.0,986.943244934082
260,field0504,172.0,850.5210857391357
261,field0505,128.0,628.7574691772461
262,field0506,128.0,570.9648084640503
263,field0507,128.0,671.0052423477173
264,field0508,128.0,777.3399333953857
265,field0509,128.0,1157.569884300232
266,field0510,128.0,1608.3717336654663
267,field0511,128.0,2635.19287109375
268,field0512,188.0,7001.41716003418
269,field0513,128.0,8216.85791015625
270,field0514,177.0,3747.492790222168
271,field0515,128.0,1695.8236684799194
272,field0516,128.0,1607.4180603027344
273,field0517,192.0,793.1041631698608
274,field0518,128.0,772.7622976303101
275,field0519,192.0,972.5217819213867
276,field0520,191.0,476.03416442871094
277,field0521,174.0,458.71543884277344
278,field0522,192.0,478.96671295166016
279,field0523,192.0,490.2153015136719
280,field0524,128.0,524.9977111816406
281,field0525,192.0,822.7615327835083
282,field0526,192.0,633.4095001220703
283,field0527,192.0,710.1058931350708
284,field0528,192.0,820.159912109375
285,field0529,192.0,755.5007839202881
286,field0530,192.0,865.9362716674805
287,field0531,192.0,963.1156911849976
288,field0532,192.0,1079.5593242645264
289,field0533,192.0,1314.7354125976562
290,field0534,192.0,1553.6308164596558
291,field0535,191.0,3368.1869497299194
292,field0536,128.0,6160.736083984375
293,field0537,128.0,13739.585876464844
294,field0538,128.0,25496.482849121094
295,field0539,128.0,39471.62628173828
296,field0540,128.0,41776.65710449219
297,field0541,128.0,26110.64910888672
298,field0542,128.0,10252.952575683594
299,field0543,190.0,5308.341979980469
300,field0544,191.0,2353.2867431640625
301,field0545,190.0,1726.7227115631104
302,field0546,190.0,1363.563536643982
303,field0547,191.0,1160.9077453613281
304,field0548,191.0,1127.2430419921875
305,field0549,191.0,982.6660118103027
306,field0550,191.0,1113.7008666992188
307,field0551,190.0,1367.1874980926514
308,field0552,191.0,1099.7772216796875
309,field0553,174.0,1263.9474849700928
310,field0554,170.0,1170.2518463134766
311,field0555,128.0,987.24365234375
312,field0556,128.0,778.388973236084
313,field0557,128.0,863.0752544403076
314,field0558,128.0,909.2330913543701
315,field0559,128.0,1165.199278831482
316,field0560,128.0,1738.3575439453125
317,field0561,128.0,2694.1299438476562
318,field0562,128.0,3967.28515625
319,field0563,128.0,4449.8443603515625
320,field0564,168.0,3101.101875305176
321,field0565,128.0,1887.6075735092163
322,field0566,128.0,1272.1061687469482
323,field0567,128.0,1242.6376342773438
324,field0568,128.0,675.4875078201294
325,field0569,128.0,739.1929597854614
326,field0570,192.0,1021.7304229736328
327,field0571,184.0,585.9727849960327
328,field0572,184.0,517.5714492797852
329,field0573,174.0,516.4308547973633
330,field0574,128.0,579.3571405410767
331,field0575,182.0,603.7654790878296
332,field0576,192.0,846.1427640914917
333,field0577,192.0,818.7227182388306
334,field0578,192.0,904.9415531158447
335,field0579,192.0,721.1685056686401
336,field0580,192.0,778.415675163269
337,field0581,192.0,900.9361238479614
338,field0582,192.0,987.3390188217163
339,field0583,192.0,1281.73828125
340,field0584,192.0,1432.8002834320068
341,field0585,192.0,1657.1044836044312
342,field0586,192.0,3748.035430908203
343,field0587,192.0,10533.046721458435
344,field0588,128.0,13278.007507324219
345,field0589,128.0,19516.944885253906
346,field0590,188.0,23111.343381881714
347,field0591,189.0,43096.065521240234
348,field0592,128.0,30148.50616455078
349,field0593,192.0,13479.232787132263
350,field0594,189.0,3426.5518188476562
351,field0595,128.0,2945.8999633789062
352,field0596,192.0,1855.8502168655396
353,field0597,192.0,1665.01997756958
354,field0598,128.0,1115.8943176269531
355,field0599,192.0,1616.0964965820312
356,field0600,191.0,1431.179045677185
357,field0601,191.0,1407.3371858596802
358,field0602,191.0,1333.045958518982
359,field0603,128.0,1126.9569387435913
360,field0604,162.0,1487.6785278320312
361,field0605,128.0,1003.6468505859375
362,field0606,128.0,1103.5919189453125
363,field0607,128.0,1575.2792339324951
364,field0608,128.0,1471.5194673538208
365,field0609,127.0,1532.4592580795288
366,field0610,128.0,2429.485321044922
367,field0611,189.0,3329.129219055176
368,field0612,188.0,5060.179710388184
369,field0613,128.0,3159.5230102539062
370,field0614,140.0,1989.1529083251953
371,field0615,175.0,1352.025029182434
372,field0616,128.0,1288.9862060546875
373,field0617,156.0,809.7696256637573
374,field0618,128.0,897.0260534286499
375,field0619,128.0,1077.7473440170288
376,field0620,190.0,674.1533193588257
377,field0621,171.0,579.947470664978
378,field0622,192.0,642.014500617981
379,field0623,192.0,729.2957277297974
380,field0624,192.0,1018.5995092391968
381,field0625,192.0,955.0390243530273
382,field0626,192.0,958.2166662216187
383,field0627,192.0,753.363597869873
384,field0628,192.0,808.4297151565552
385,field0629,192.0,864.7918643951416
386,field0630,192.0,972.7478017807007
387,field0631,192.0,1056.9572429656982
388,field0632,192.0,1219.7494506835938
389,field0633,192.0,3812.0269689559937
390,field0634,192.0,5347.633361816406
391,field0635,192.0,7809.543609619141
392,field0636,128.0,4694.938659667969
393,field0637,128.0,13389.58740234375
394,field0638,128.0,24482.72705078125
395,field0639,189.0,47467.32711696625
396,field0640,188.0,26076.14040374756
397,field0641,129.0,21916.10336303711
398,field0642,129.0,11460.87646484375
399,field0643,192.0,8186.8171672821045
400,field0644,191.0,2643.871307373047
401,field0645,192.0,2258.5868825912476
402,field0646,192.0,1724.3385229110718
403,field0647,191.0,1498.317717552185
404,field0648,190.0,2489.185333251953
405,field0649,191.0,2293.7774658203125
406,field0650,191.0,1782.131194114685
407,field0651,191.0,2555.1795959472656
408,field0652,146.0,2015.9502029418945
409,field0653,172.0,2239.5553588867188
410,field0654,128.0,1607.4180603027344
411,field0655,128.0,1615.04745388031
412,field0656,128.0,2272.2244262695312
413,field0657,128.0,2492.809295654297
414,field0658,128.0,4913.330078125
415,field0659,189.0,5206.5324783325195
416,field0660,128.0,3182.4111938476562
417,field0661,128.0,2178.192138671875
418,field0662,171.0,1671.5440740585327
419,field0663,174.0,1477.9958715438843
420,field0664,128.0,820.4460077285767
421,field0665,128.0,982.0938081741333
422,field0666,192.0,1215.249056816101
423,field0667,192.0,753.0240898132324
424,field0668,192.0,823.3776044845581
425,field0669,192.0,830.5158548355103
426,field0670,192.0,816.4329452514648
427,field0671,192.0,1021.2507247924805
428,field0672,192.0,962.175365447998
429,field0673,192.0,980.5183391571045
430,field0674,192.0,807.3806762695312
431,field0675,192.0,885.8671169281006
432,field0676,192.0,2125.835418701172
433,field0677,192.0,2258.014678955078
434,field0678,192.0,2811.8133544921875
435,field0679,192.0,3702.831268310547
436,field0680,192.0,4868.50737953186
437,field0681,192.0,6245.42236328125
438,field0682,192.0,8263.20648097992
439,field0683,192.0,13809.394835472107
440,field0684,192.0,22276.973724365234
441,field0685,128.0,28882.980346679688
442,field0686,187.0,47574.42474079132
443,field0687,190.0,23606.01425075531
444,field0688,128.0,27977.943420410156
445,field0689,128.0,13918.876647949219
446,field0690,128.0,6517.4102783203125
447,field0691,191.0,6066.5130615234375
448,field0692,192.0,4674.339291572571
449,field0693,191.0,1979.1603021621704
450,field0694,191.0,3580.093382835388
451,field0695,191.0,5469.417570114136
452,field0696,191.0,2723.2170085906982
453,field0697,191.0,2603.5308799743652
454,field0698,169.0,3622.150421142578
455,field0699,128.0,2799.98779296875
456,field0700,128.0,2893.1617736816406
457,field0701,128.0,2904.3197631835938
458,field0702,188.0,6206.315994262695
459,field0703,128.0,6610.870361328125
460,field0704,168.0,3636.481285095215
461,field0705,128.0,2319.3359375
462,field0706,128.0,1934.6237182617188
463,field0707,192.0,1743.1707382202148
464,field0708,180.0,997.5252151489258
465,field0709,192.0,916.3904190063477
466,field0710,190.0,798.2911996841431
467,field0711,192.0,796.3685913085938
468,field0712,192.0,952.2047033309937
469,field0713,191.0,921.521185874939
470,field0714,192.0,1035.7465744018555
471,field0715,192.0,1060.2188110351562
472,field0716,192.0,1488.2554950714111
473,field0717,192.0,1496.5019207000732
474,field0718,192.0,1721.5728759765625
475,field0719,192.0,2120.685577392578
476,field0720,192.0,2575.68359375
477,field0721,192.0,3108.7875366210938
478,field0722,192.0,4021.0723876953125
479,field0723,192.0,5036.735527038574
480,field0724,192.0,6416.702269554138
481,field0725,192.0,8512.020111083984
482,field0726,192.0,13682.842250823975
483,field0727,128.0,11812.210083007812
484,field0728,128.0,27645.111083984375
485,field0729,191.0,21648.658750534058
486,field0730,188.0,13802.760124206543
487,field0731,128.0,20518.30291748047
488,field0732,128.0,11542.320251464844
489,field0733,128.0,6862.640380859375
490,field0734,128.0,4258.155822753906
491,field0735,128.0,3803.253173828125
492,field0736,190.0,9258.937834739685
493,field0737,191.0,5780.887603759766
494,field0738,190.0,4371.4523277282715
495,field0739,128.0,4071.2356567382812
496,field0740,130.0,4266.834259033203
497,field0741,144.0,5467.781066894531
498,field0742,165.0,5290.806770324707
499,field0743,187.0,6422.306060791016
500,field0744,131.0,4176.080703735352
501,field0745,163.0,2645.909309387207
502,field0746,165.0,2378.3035278320312
503,field0747,190.0,1547.6722717285156
504,field0748,192.0,1214.6739950180054
505,field0749,192.0,888.9493932723999
506,field0750,192.0,1200.4671096801758
507,field0751,192.0,1169.5489883422852
508,field0752,192.0,1226.1333465576172
509,field0753,192.0,982.0919027328491
510,field0754,192.0,1082.8495025634766
511,field0755,192.0,1082.4136724472046
512,field0756,192.0,1463.8843450546265
513,field0757,192.0,1608.7532043457031
514,field0758,192.0,2352.2377014160156
515,field0759,192.0,2458.477020263672
516,field0760,192.0,3057.6705932617188
517,field0761,192.0,3864.4790649414062
518,field0762,192.0,4951.572410583496
519,field0763,189.0,5938.053131103516
520,field0764,169.0,6276.702880859375
521,field0765,192.0,13193.51196193695
522,field0766,190.0,22747.89810180664
523,field0767,121.0,20932.19757080078
524,field0768,164.0,19917.651176452637
525,field0769,188.0,34260.220527648926
526,field0770,184.0,22042.11139678955
527,field0771,128.0,15065.193176269531
528,field0772,129.0,7303.333282470703
529,field0773,129.0,7673.358917236328
530,field0774,129.0,6683.158874511719
531,field0775,140.0,8935.64224243164
532,field0776,141.0,8203.22036743164
533,field0777,139.0,5090.959548950195
534,field0778,174.0,5824.151039123535
535,field0779,188.0,5374.396324157715
536,field0780,128.0,2753.2577514648438
537,field0781,128.0,2695.0836181640625
538,field0782,147.0,1927.267074584961
539,field0783,145.0,1230.7720184326172
540,field0784,128.0,1008.8920593261719
541,field0785,131.0,1210.7744216918945
542,field0786,133.0,1333.536148071289
543,field0787,186.0,1355.0472259521484
544,field0788,192.0,1138.1149291992188
545,field0789,192.0,1671.5736379623413
546,field0790,192.0,1370.3346223831177
547,field0791,192.0,1626.0147075653076
548,field0792,192.0,2082.538604736328
549,field0793,192.0,2438.9266967773438
550,field0794,192.0,3281.2118530273438
551,field0795,192.0,4068.6607360839844
552,field0796,192.0,5288.028710365295
553,field0797,192.0,6862.449645996094
554,field0798,192.0,8514.881130218506
555,field0799,128.0,7621.76513671875
556,field0800,128.0,11136.054992675781
557,field0801,128.0,16648.292541503906
558,field0802,188.0,20411.566734313965
559,field0803,149.0,31986.331939697266
560,field0804,153.0,21050.891876220703
561,field0805,154.0,14202.953338623047
562,field0806,182.0,19700.444221496582
563,field0807,187.0,19853.51848602295
564,field0808,164.0,9455.780982971191
565,field0809,164.0,6827.768325805664
566,field0810,128.0,3754.138946533203
567,field0811,128.0,2472.686767578125
568,field0812,128.0,1737.7853393554688
569,field0813,128.0,1787.567138671875
570,field0814,130.0,1315.9742345809937
571,field0815,128.0,932.1212749481201
572,field0816,131.0,932.4655523300171
573,field0817,185.0,1063.368797302246
574,field0818,191.0,1064.1098022460938
575,field0819,191.0,1569.9052801132202
576,field0820,191.0,1423.5496425628662
577,field0821,192.0,1541.995997428894
578,field0822,192.0,1914.0243530273438
579,field0823,192.0,2471.637725830078
580,field0824,192.0,3623.96240234375
581,field0825,192.0,4656.982416152954
582,field0826,192.0,6047.630307197571
583,field0827,192.0,7652.282713890076
584,field0828,192.0,10329.437255859375
585,field0829,128.0,6303.7872314453125
586,field0830,186.0,17453.526496887207
587,field0831,189.0,12824.953079223633
588,field0832,161.0,11294.435501098633
589,field0833,184.0,7525.548934936523
590,field0834,128.0,4606.2469482421875
591,field0835,128.0,3146.5530395507812
592,field0836,128.0,2432.8231811523438
593,field0837,128.0,3009.796142578125
594,field0838,128.0,1842.3080444335938
595,field0839,128.0,1280.6892347335815
596,field0840,137.0,915.186882019043
597,field0841,128.0,907.1350078582764
598,field0842,188.0,1030.731201171875
599,field0843,192.0,1248.359679222107
600,field0844,192.0,1325.7026662826538
601,field0845,192.0,1389.2173738479614
602,field0846,192.0,1912.4031066894531
603,field0847,192.0,2724.456787109375
604,field0848,192.0,4157.7339153289795
605,field0849,192.0,5250.358581542969
606,field0850,128.0,3029.8233032226562
607,field0851,128.0,3769.8745727539062
608,field0852,128.0,5110.740661621094
609,field0853,128.0,5221.366882324219
610,field0854,128.0,2839.0884399414062
611,field0855,128.0,2129.077911376953
612,field0856,128.0,2807.6171875
613,field0857,128.0,1950.2639770507812
614,field0858,128.0,1348.114013671875
615,field0859,137.0,971.0063934326172
616,field0860,185.0,1063.3468618392944
617,field0861,192.0,1011.8484497070312
618,field0862,192.0,1089.7636413574219
619,field0863,192.0,1344.29931640625
620,field0864,192.0,2266.693115234375
621,field0865,191.0,3144.073479652405
622,field0866,128.0,2164.936065673828
623,field0867,128.0,2048.015594482422
624,field0868,128.0,3000.640869140625
625,field0869,84.0,790.3099021911621
626,field0870,84.0,564.3844566345215
627,field0871,82.0,421.0472059249878
628,field0872,84.0,342.7505474090576
629,field0873,84.0,328.06396484375
630,field0874,82.0,421.0472011566162
631,field0875,80.0,514.411922454834
632,field0876,82.0,707.6263427734375
633,field0877,84.0,804.901123046875
634,field0880,32.0,204.65850830078125
635,field0881,32.0,93.84155178070068
636,field1248,3.0,0.18215179443359375
637,field1287,17.0,1.9903182983398438
638,field1288,9.0,1.0156631469726562
639,field1289,81.0,4.137992858886719
640,field1290,119.0,4.187583923339844
641,field1291,98.0,3.5238265991210938
642,field1292,120.0,8.507728576660156
643,field1293,123.0,9.426116943359375
644,field1294,124.0,6.34765625
645,field1295,125.0,8.82720947265625
646,field1296,125.0,14.688491821289062
647,field1297,123.0,16.915321350097656
648,field1298,62.0,15.986442565917969
649,field1299,61.0,27.88257598876953
650,field1300,40.0,32.93895721435547
651,field1336,1.0,0.11444091796875
652,field1337,118.0,10.668754577636719
653,field1338,106.0,15.729904174804688
654,field1339,93.0,12.912750244140625
655,field1340,115.0,18.945693969726562
656,field1341,122.0,27.837753295898438
657,field1342,127.0,26.534080505371094
658,field1343,124.0,25.68340301513672
659,field1344,126.0,32.56034851074219
660,field1345,126.0,35.869598388671875
661,field1346,125.0,35.94970703125
662,field1347,125.0,38.05828094482422
663,field1348,125.0,56.92005157470703
664,field1349,123.0,71.63429260253906
665,field1350,61.0,69.14329528808594
666,field1351,61.0,75.75321197509766
667,field1352,62.0,110.53085327148438
668,field1353,61.0,91.1712646484375
669,field1354,34.0,32.75775909423828
670,field1386,53.0,8.095741271972656
671,field1387,53.0,7.4310302734375
672,field1388,114.0,9.966850280761719
673,field1389,119.0,32.085418701171875
674,field1390,118.0,33.39958190917969
675,field1391,103.0,28.760910034179688
676,field1392,104.0,31.86321258544922
677,field1393,107.0,32.10163116455078
678,field1394,128.0,44.70252990722656
679,field1395,128.0,44.26288604736328
680,field1396,128.0,44.58808898925781
681,field1397,127.0,47.509193420410156
682,field1398,127.0,56.610107421875
683,field1399,128.0,74.16820526123047
684,field1400,128.0,102.9043197631836
685,field1401,125.0,93.60027313232422
686,field1402,128.0,167.82569885253906
687,field1403,127.0,256.3629150390625
688,field1404,124.0,263.3094787597656
689,field1405,64.0,200.36696910858154
690,field1406,63.0,85.61229705810547
691,field1407,62.0,53.87401580810547
692,field1408,38.0,25.21228790283203
693,field1409,1.0,0.39958953857421875
694,field1438,122.0,13.769149780273438
695,field1439,124.0,18.9361572265625
696,field1440,122.0,31.942367553710938
697,field1441,128.0,99.32708740234375
698,field1442,128.0,76.00116729736328
699,field1443,128.0,70.8322525024414
700,field1444,128.0,67.5191879272461
701,field1445,128.0,81.46381378173828
702,field1446,128.0,68.75133514404297
703,field1447,128.0,69.5962905883789
704,field1448,128.0,77.22282409667969
705,field1449,128.0,76.57432556152344
706,field1450,128.0,83.82320404052734
707,field1451,128.0,119.68612670898438
708,field1452,128.0,178.76911163330078
709,field1453,128.0,177.5369644165039
710,field1454,128.0,341.82453060150146
711,field1455,128.0,386.44218254089355
712,field1456,128.0,322.5326509475708
713,field1457,64.0,119.30465698242188
714,field1458,63.0,57.53326416015625
715,field1460,57.0,26.770591735839844
716,field1462,64.0,34.699440002441406
717,field1487,89.0,23.24199676513672
718,field1488,116.0,46.497344970703125
719,field1489,127.0,57.465553283691406
720,field1490,117.0,58.56513977050781
721,field1491,128.0,64.94331359863281
722,field1492,128.0,68.603515625
723,field1493,128.0,175.79078674316406
724,field1494,128.0,152.20355987548828
725,field1495,128.0,145.13015747070312
726,field1496,128.0,134.0017318725586
727,field1497,128.0,125.16117095947266
728,field1498,128.0,108.44707489013672
729,field1499,128.0,98.93512725830078
730,field1500,128.0,95.71266174316406
731,field1501,128.0,117.7663803100586
732,field1502,128.0,132.7981948852539
733,field1503,128.0,205.6417465209961
734,field1504,128.0,242.37537384033203
735,field1505,128.0,328.06396198272705
736,field1506,127.0,434.01717948913574
737,field1507,128.0,474.2622375488281
738,field1508,127.0,451.2786865234375
739,field1509,126.0,267.8327531814575
740,field1510,128.0,112.0595932006836
741,field1511,64.0,60.37139892578125
742,field1512,63.0,46.482086181640625
743,field1513,63.0,49.51190948486328
744,field1514,63.0,40.14778137207031
745,field1515,43.0,28.267860412597656
746,field1517,12.0,2.4662017822265625
747,field1537,1.0,3.814697265625
748,field1538,124.0,217.62847900390625
749,field1539,126.0,271.3623046875
750,field1540,127.0,286.1995668411255
751,field1541,128.0,225.91876983642578
752,field1542,128.0,210.83641052246094
753,field1543,128.0,209.87606048583984
754,field1544,128.0,210.6170654296875
755,field1545,128.0,268.0778503417969
756,field1546,129.0,267.85850524902344
757,field1547,128.0,251.57928466796875
758,field1548,128.0,206.44378662109375
759,field1549,128.0,191.34807586669922
760,field1550,128.0,148.9553451538086
761,field1551,128.0,161.63063049316406
762,field1552,128.0,146.07715606689453
763,field1553,128.0,188.84563446044922
764,field1554,128.0,225.25787353515625
765,field1555,128.0,306.4155578613281
766,field1556,128.0,422.0962505340576
767,field1557,128.0,618.1716871261597
768,field1558,128.0,572.1092205047607
769,field1559,128.0,527.0957946777344
770,field1560,128.0,299.4537343978882
771,field1561,128.0,180.2082061767578
772,field1562,128.0,104.33101654052734
773,field1563,128.0,73.83441925048828
774,field1564,106.0,64.06497955322266
775,field1565,81.0,51.33342742919922
776,field1566,62.0,57.468414306640625
777,field1567,114.0,54.86774444580078
778,field1568,128.0,73.56452941894531
779,field1569,106.0,70.55473327636719
780,field1570,8.0,3.391265869140625
781,field1571,64.0,42.8619384765625
782,field1572,101.0,64.50080871582031
783,field1573,96.0,73.26221466064453
784,field1574,30.0,18.38207244873047
785,field1575,64.0,48.54297637939453
786,field1576,51.0,39.589881896972656
787,field1577,10.0,11.163711547851562
788,field1579,1.0,0.8592605590820312
789,field1580,5.0,8.106231689453125
790,field1581,19.0,33.473968505859375
791,field1584,2.0,7.534026145935059
792,field1585,52.0,999.45068359375
793,field1586,83.0,992.9656982421875
794,field1587,121.0,1709.1751098632812
795,field1588,128.0,920.6771831512451
796,field1589,124.0,570.106502532959
797,field1590,128.0,549.2210388183594
798,field1591,129.0,442.0280456542969
799,field1592,128.0,370.5587377548218
800,field1593,128.0,369.64416313171387
801,field1594,128.0,324.63072967529297
802,field1595,128.0,331.1157159805298
803,field1596,128.0,392.91381072998047
804,field1597,129.0,401.8182678222656
805,field1598,128.0,403.0227584838867
806,field1599,128.0,294.49462890625
807,field1600,128.0,238.89541625976562
808,field1601,128.0,217.437744140625
809,field1602,128.0,198.43673706054688
810,field1603,128.0,221.44317626953125
811,field1604,128.0,331.78328800201416
812,field1605,127.0,318.24111557006836
813,field1606,128.0,474.2622308731079
814,field1607,128.0,577.7358989715576
815,field1608,128.0,621.7002849578857
816,field1609,128.0,613.9755229949951
817,field1610,128.0,363.82674980163574
818,field1611,128.0,193.59397888183594
819,field1612,128.0,108.12187194824219
820,field1613,128.0,92.46158599853516
821,field1614,128.0,76.16424560546875
822,field1615,92.0,56.30970001220703
823,field1616,112.0,80.91926574707031
824,field1617,130.0,76.62200927734375
825,field1618,130.0,82.3831558227539
826,field1619,128.0,89.05506134033203
827,field1620,83.0,45.17936706542969
828,field1621,128.0,75.4556655883789
829,field1622,128.0,85.13927459716797
830,field1623,128.0,87.3880386352539
831,field1624,37.0,30.351638793945312
832,field1625,63.0,53.95221710205078
833,field1626,85.0,76.9805908203125
834,field1627,93.0,76.71260833740234
835,field1628,14.0,18.310546875
836,field1629,72.0,129.9285888671875
837,field1630,65.0,146.4395523071289
838,field1631,64.0,171.56600952148438
839,field1632,66.0,137.51983642578125
840,field1633,108.0,501.25121879577637
841,field1634,127.0,1224.0409832000732
842,field1635,128.0,1873.0163564682007
843,field1636,128.0,2224.0638732910156
844,field1637,128.0,1764.678955078125
845,field1638,128.0,1509.7618103027344
846,field1639,129.0,768.4707622528076
847,field1640,129.0,598.4306325912476
848,field1641,128.0,566.7686452865601
849,field1642,128.0,448.41766357421875
850,field1643,128.0,393.39065074920654
851,field1644,129.0,433.19797229766846
852,field1645,128.0,532.0549011230469
853,field1646,128.0,521.8505849838257
854,field1647,128.0,480.07964992523193
855,field1648,128.0,435.5430564880371
856,field1649,128.0,382.99560356140137
857,field1650,128.0,305.08041286468506
858,field1651,128.0,291.9197082519531
859,field1652,128.0,343.225474357605
860,field1653,128.0,460.24322032928467
861,field1654,128.0,472.0563859939575
862,field1655,128.0,683.5937480926514
863,field1656,128.0,741.4817752838135
864,field1657,128.0,704.6699457168579
865,field1658,128.0,408.36334133148193
866,field1659,128.0,237.75100708007812
867,field1660,128.0,136.64722442626953
868,field1661,128.0,80.1229476928711
869,field1662,127.0,78.81641387939453
870,field1663,141.0,70.44792175292969
871,field1664,115.0,66.20597839355469
872,field1665,168.0,85.70003509521484
873,field1666,137.0,83.45317840576172
874,field1667,147.0,101.23920440673828
875,field1668,121.0,91.72725677490234
876,field1669,137.0,87.34893798828125
877,field1670,150.0,83.8766098022461
878,field1671,139.0,70.94097137451172
879,field1672,21.0,21.123886108398438
880,field1673,76.0,66.34330749511719
881,field1674,76.0,73.74095916748047
882,field1675,124.0,118.73531341552734
883,field1676,95.0,88.56582641601562
884,field1677,129.0,219.12097930908203
885,field1678,118.0,293.5609769821167
886,field1679,128.0,369.16732120513916
887,field1680,127.0,518.3219814300537
888,field1681,128.0,745.2011108398438
889,field1682,128.0,1250.8392324447632
890,field1683,128.0,2573.3947744369507
891,field1684,128.0,2618.9804077148438
892,field1685,128.0,1972.7706899642944
893,field1686,128.0,1679.229736328125
894,field1687,128.0,964.8323049545288
895,field1688,128.0,791.0728425979614
896,field1689,128.0,608.7303152084351
897,field1690,128.0,580.9783935546875
898,field1691,128.0,503.9215087890625
899,field1692,128.0,634.6702556610107
900,field1693,128.0,620.365138053894
901,field1694,128.0,581.6459636688232
902,field1695,128.0,557.2319030761719
903,field1696,128.0,562.9539432525635
904,field1697,128.0,566.0057039260864
905,field1698,128.0,557.4226341247559
906,field1699,128.0,602.7221632003784
907,field1700,128.0,743.293758392334
908,field1701,128.0,890.7318086624146
909,field1702,128.0,723.2665996551514
910,field1703,128.0,495.4338035583496
911,field1704,128.0,273.5137939453125
912,field1705,128.0,147.89772033691406
913,field1706,128.0,97.32532501220703
914,field1707,128.0,87.28981018066406
915,field1708,114.0,80.37948608398438
916,field1709,75.0,59.87548828125
917,field1710,128.0,85.99090576171875
918,field1711,135.0,91.3686752319336
919,field1712,149.0,100.07667541503906
920,field1713,92.0,55.88054656982422
921,field1714,128.0,82.88192749023438
922,field1715,141.0,77.83985137939453
923,field1716,129.0,83.71925354003906
924,field1717,77.0,40.378570556640625
925,field1718,128.0,96.82941436767578
926,field1719,119.0,118.2708740234375
927,field1720,91.0,123.21186065673828
928,field1721,64.0,202.65579223632812
929,field1722,78.0,261.69204235076904
930,field1723,108.0,339.94388580322266
931,field1724,128.0,477.5047302246094
932,field1725,128.0,758.9340133666992
933,field1726,128.0,1556.396484375
934,field1727,128.0,3284.740447998047
935,field1728,128.0,1990.3182983398438
936,field1729,128.0,2424.8123168945312
937,field1730,128.0,1820.8503704071045
938,field1731,128.0,1064.3005352020264
939,field1732,128.0,871.7536869049072
940,field1733,128.0,749.778733253479
941,field1734,128.0,653.2669038772583
942,field1735,130.0,988.8648977279663
943,field1736,130.0,875.7591218948364
944,field1737,128.0,894.9279775619507
945,field1738,128.0,912.5709524154663
946,field1739,128.0,850.2006511688232
947,field1740,128.0,855.5412282943726
948,field1741,128.0,911.1404409408569
949,field1742,128.0,1113.4147624969482
950,field1743,128.0,1041.0308818817139
951,field1744,128.0,639.1525239944458
952,field1745,128.0,372.88665199279785
953,field1746,128.0,206.77852630615234
954,field1747,128.0,133.1930160522461
955,field1748,128.0,91.52603149414062
956,field1749,128.0,89.12277221679688
957,field1750,127.0,79.50592041015625
958,field1751,128.0,95.32546997070312
959,field1752,129.0,96.99630737304688
960,field1753,146.0,94.7580337524414
961,field1754,88.0,53.1768798828125
962,field1755,145.0,87.50629425048828
963,field1756,110.0,71.57325744628906
964,field1757,128.0,70.93524932861328
965,field1758,89.0,60.79292297363281
966,field1759,124.0,105.91888427734375
967,field1760,83.0,111.30142211914062
968,field1761,64.0,179.95834350585938
969,field1762,126.0,268.8751106262207
970,field1763,128.0,364.0928268432617
971,field1764,128.0,490.1885986328125
972,field1765,128.0,801.6586284637451
973,field1766,128.0,1756.477355003357
974,field1767,128.0,2151.0124187469482
975,field1768,128.0,2169.8951683044434
976,field1769,128.0,3323.1735229492188
977,field1770,128.0,1963.1385793685913
978,field1771,128.0,1428.5087585449219
979,field1772,128.0,1054.0962209701538
980,field1773,128.0,1023.7693786621094
981,field1774,129.0,1563.16757106781
982,field1775,130.0,1360.988615989685
983,field1776,130.0,1401.0429382324219
984,field1777,130.0,1495.8381652832031
985,field1778,128.0,1300.048828125
986,field1779,128.0,978.6605815887451
987,field1780,128.0,879.1923484802246
988,field1781,128.0,943.1838979721069
989,field1782,128.0,749.6833782196045
990,field1783,128.0,444.60296058654785
991,field1784,128.0,259.1133117675781
992,field1785,128.0,138.22269439697266
993,field1786,128.0,111.87553405761719
994,field1787,128.0,93.4610366821289
995,field1788,128.0,88.1967544555664
996,field1789,128.0,91.29619598388672
997,field1790,128.0,96.0073471069336
998,field1791,115.0,74.64027404785156
999,field1792,111.0,68.72749328613281
1000,field1793,58.0,52.31952667236328
1001,field1794,57.0,44.37065124511719
1002,field1795,85.0,228.3658971786499
1003,field1796,21.0,25.177001953125
1004,field1797,64.0,119.59075927734375
1005,field1798,61.0,147.81951904296875
1006,field1799,66.0,257.15540981292725
1007,field1800,128.0,363.7590398788452
1008,field1801,128.0,531.6734313964844
1009,field1802,128.0,771.9039897918701
1010,field1803,128.0,1844.7875967025757
1011,field1804,128.0,2079.9636812210083
1012,field1805,128.0,2765.8462505340576
1013,field1806,128.0,3204.1549682617188
1014,field1807,128.0,2542.400360107422
1015,field1808,129.0,1932.43026638031
1016,field1809,128.0,2113.342282295227
1017,field1810,129.0,2152.2521963119507
1018,field1811,129.0,1794.6243286132812
1019,field1812,128.0,1225.2807607650757
1020,field1813,128.0,886.1541738510132
1021,field1814,128.0,842.4758911132812
1022,field1815,128.0,551.5098543167114
1023,field1816,128.0,389.28985023498535
1024,field1817,128.0,239.19391632080078
1025,field1818,128.0,129.29916381835938
1026,field1819,128.0,90.04402160644531
1027,field1820,126.0,80.99746704101562
1028,field1821,64.0,52.91461944580078
1029,field1822,65.0,63.343048095703125
1030,field1823,126.0,82.51571655273438
1031,field1824,84.0,507.26985454559326
1032,field1825,28.0,20.38288116455078
1033,field1826,4.0,2.5720596313476562
1034,field1827,23.0,22.711753845214844
1035,field1828,58.0,84.11407470703125
1036,field1829,64.0,138.4735107421875
1037,field1830,64.0,167.56057739257812
1038,field1831,64.0,234.4131383895874
1039,field1832,127.0,375.99944972991943
1040,field1833,128.0,615.5147542953491
1041,field1834,128.0,1029.3006887435913
1042,field1835,128.0,2029.9911479949951
1043,field1836,128.0,2532.8636150360107
1044,field1837,128.0,2326.4884939193726
1045,field1838,128.0,2125.167844772339
1046,field1839,128.0,1372.3373403549194
1047,field1840,128.0,1466.560362815857
1048,field1841,128.0,1044.368740081787
1049,field1842,128.0,631.9999666213989
1050,field1843,128.0,468.4448232650757
1051,field1844,128.0,309.08584117889404
1052,field1845,128.0,186.279296875
1053,field1846,128.0,109.05170440673828
1054,field1847,128.0,75.61588287353516
1055,field1848,64.0,47.591209411621094
1056,field1849,64.0,47.44243621826172
1057,field1850,60.0,45.365333557128906
1058,field1851,8.0,5.496978759765625
1059,field1854,2.0,1.560211181640625
1060,field1855,63.0,75.43563842773438
1061,field1856,63.0,99.46823120117188
1062,field1857,57.0,112.34283447265625
1063,field1858,128.0,202.4602861404419
1064,field1859,128.0,413.3844356536865
1065,field1860,128.0,884.5415105819702
1066,field1861,128.0,1254.2343139648438
1067,field1862,128.0,1235.9619140625
1068,field1863,128.0,612.1635417938232
1069,field1864,128.0,553.8511257171631
1070,field1865,128.0,367.8388557434082
1071,field1866,128.0,278.5091333389282
1072,field1867,128.0,156.19850158691406
1073,field1868,128.0,101.23062133789062
1074,field1869,120.0,53.558349609375
1075,field1870,64.0,39.20936584472656
1076,field1871,48.0,29.946327209472656
1077,field1877,64.0,58.66718292236328
1078,field1878,128.0,144.39868927001953
1079,field1879,128.0,303.2836904525757
1080,field1880,128.0,477.3921947479248
1081,field1881,119.0,118.70574951171875
1082,field1882,118.0,112.17021942138672
1083,field1883,118.0,83.14800262451172
1084,field1884,118.0,33.614158630371094
1085,field1885,115.0,20.51067352294922
1086,field1893,58.0,34.70325469970703
